{
  "camera_matrix": [
    [
      641.2131066247655,
      0.0,
      323.34856521989155
    ],
    [
      0.0,
      852.568473325413,
      224.79358965244163
    ],
    [
      0.0,
      0.0,
      1.0
    ]
  ],
  "distortion_coefficients": [
    [
      0.11623828371294721,
      0.09614310787108614,
      -0.005450251029893433,
      0.0019132793514940777,
      -2.372584582212126
    ]
  ],
  "optimal_camera_matrix": [
    [
      565.6285994296071,
      0.0,
      336.6799069417712
    ],
    [
      0.0,
      758.152472507717,
      210.43287795948274
    ],
    [
      0.0,
      0.0,
      1.0
    ]
  ],
  "roi": [
    49,
    14,
    565,
    421
  ],
  "image_width": 640,
  "image_height": 480,
  "reprojection_error": 0
}